{"cameraMode":{"drawMode":0,"name":"Shaded","section":"Shading Mode"},"sceneLighting":true,"audioPlay":false,"sceneViewState":{"m_AlwaysRefresh":false,"showFog":true,"showSkybox":true,"showFlares":true,"showImageEffects":true,"showParticleSystems":true,"showVisualEffectGraphs":true,"m_FxEnabled":true},"in2DMode":false,"pivot":{"x":-0.48250430822372439,"y":1.3711785078048707,"z":-0.1650768369436264},"rotation":{"x":-0.16894645988941194,"y":0.015376039780676365,"z":-0.0026442541275173427,"w":-0.9853291511535645},"size":1.1306719779968262,"orthographic":false}