{"cameraMode":{"drawMode":0,"name":"Shaded","section":"Shading Mode"},"sceneLighting":false,"audioPlay":false,"sceneViewState":{"m_AlwaysRefresh":false,"showFog":true,"showSkybox":false,"showFlares":true,"showImageEffects":true,"showParticleSystems":true,"showVisualEffectGraphs":true,"m_FxEnabled":true},"in2DMode":false,"pivot":{"x":-0.7671434879302979,"y":0.6723287105560303,"z":4.295027732849121},"rotation":{"x":-0.12857136130332948,"y":-0.07368666678667069,"z":0.00966228824108839,"w":-0.9887736439704895},"size":1.1355555057525635,"orthographic":false}