{"cameraMode":{"drawMode":0,"name":"Shaded","section":"Shading Mode"},"sceneLighting":false,"audioPlay":false,"sceneViewState":{"m_AlwaysRefresh":false,"showFog":false,"showSkybox":false,"showFlares":false,"showImageEffects":false,"showParticleSystems":false,"showVisualEffectGraphs":true,"m_FxEnabled":true},"in2DMode":false,"pivot":{"x":0.8457794189453125,"y":0.17544585466384889,"z":0.06676851958036423},"rotation":{"x":0.28564199805259707,"y":0.6696954965591431,"z":-0.31389620900154116,"w":0.6094077825546265},"size":1.1081116199493409,"orthographic":false}