{"cameraMode":{"drawMode":0,"name":"Shaded","section":"Shading Mode"},"sceneLighting":false,"audioPlay":false,"sceneViewState":{"m_AlwaysRefresh":false,"showFog":true,"showSkybox":false,"showFlares":true,"showImageEffects":true,"showParticleSystems":true,"showVisualEffectGraphs":true,"m_FxEnabled":true},"in2DMode":false,"pivot":{"x":-0.8966903686523438,"y":-0.00357615202665329,"z":0.6723281741142273},"rotation":{"x":-0.21596981585025788,"y":-0.028685756027698518,"z":0.006383709609508514,"w":-0.9758189916610718},"size":2.093940019607544,"orthographic":false}