{"cameraMode":{"drawMode":0,"name":"Shaded","section":"Shading Mode"},"sceneLighting":true,"audioPlay":false,"sceneViewState":{"m_AlwaysRefresh":false,"showFog":true,"showSkybox":false,"showFlares":true,"showImageEffects":true,"showParticleSystems":true,"showVisualEffectGraphs":true,"m_FxEnabled":true},"in2DMode":false,"pivot":{"x":1.4901161193847657e-7,"y":1.7824337482452393,"z":0.0010155513882637025},"rotation":{"x":0.1892910599708557,"y":-0.06003285571932793,"z":0.011654308065772057,"w":0.979983389377594},"size":1.7881042957305909,"orthographic":false}